放款年,放款笔数,放款本金_百万,平均利率,平均单笔,未决占比_百分比,六十期占比,AB级占比,已结清,已核销,未决
2007,603,5.0,11.83,8255.0,0.0,0.0,29.2,445.0,158.0,0.0
2008,2393,21.1,12.06,8825.0,0.0,0.0,38.1,1897.0,496.0,0.0
2009,5281,51.9,12.44,9833.0,0.0,0.0,50.1,4558.0,723.0,0.0
2010,12537,132.0,11.99,10528.0,0.0,27.0,52.0,10780.0,1757.0,0.0
2011,21721,261.7,12.22,12048.0,0.0,35.1,56.7,18424.0,3297.0,0.0
2012,53367,718.4,13.64,13462.0,0.0,18.5,55.1,44723.0,8644.0,0.0
2013,134814,1982.8,14.53,14707.0,0.0,25.5,45.8,113787.0,21027.0,0.0
2014,235629,3503.8,13.77,14870.0,0.0,31.0,41.6,193881.0,41748.0,0.0
2015,421095,6417.6,12.6,15240.0,0.0,32.8,45.3,340795.0,80300.0,0.0
2016,434407,6400.6,13.04,14734.0,0.0,25.5,47.3,353529.0,80837.0,41.0
2017,443579,6585.0,13.24,14845.0,2.2,27.8,47.8,359861.0,73800.0,9918.0
2018,495242,7936.3,12.73,16025.0,7.7,30.4,55.8,386410.0,70476.0,38356.0
合计（2007-2018）,2260668,34016.2,13.09,15047.0,2.12,28.8,48.5,1829090.0,383263.0,48315.0
