放款年,等级,放款笔数,等级占比_百分比,平均利率,二十四期违约率
2007,A,78,12.94,7.76,2.564
2007,B,98,16.25,9.42,12.245
2007,C,141,23.38,10.85,18.44
2007,D,99,16.42,12.55,24.242
2007,E,100,16.58,14.13,25.0
2007,F,52,8.62,15.58,46.154
2007,G,35,5.8,17.36,40.0
2008,A,318,13.29,8.36,3.459
2008,B,594,24.82,10.37,14.478
2008,C,580,24.24,11.83,17.241
2008,D,419,17.51,13.36,22.673
2008,E,285,11.91,14.81,20.702
2008,F,111,4.64,16.29,28.829
2008,G,86,3.59,18.11,25.581
2009,A,1203,22.78,8.64,4.988
2009,B,1445,27.36,11.79,9.619
2009,C,1348,25.53,13.32,11.573
2009,D,817,15.47,14.93,13.831
2009,E,308,5.83,16.49,18.182
2009,F,105,1.99,18.24,22.857
2009,G,55,1.04,20.01,21.818
2010,A,2830,22.57,7.15,2.898
2010,B,3687,29.41,10.74,7.079
2010,C,2729,21.77,13.49,10.846
2010,D,1885,15.04,15.29,14.218
2010,E,962,7.67,16.91,16.008
2010,F,311,2.48,18.69,19.614
2010,G,133,1.06,20.66,26.316
2011,A,5754,26.49,7.11,4.675
2011,B,6565,30.22,11.08,7.829
2011,C,3942,18.15,13.91,12.253
2011,D,2796,12.87,16.4,14.878
2011,E,1739,8.01,18.4,16.906
2011,F,722,3.32,20.38,21.053
2011,G,203,0.93,21.96,24.631
2012,A,10901,20.43,7.61,5.33
2012,B,18507,34.68,12.15,9.396
2012,C,11875,22.25,15.27,13.263
2012,D,7323,13.72,18.42,16.687
2012,E,3185,5.97,21.06,19.906
2012,F,1315,2.46,23.09,21.597
2012,G,261,0.49,24.5,26.82
2013,A,17679,13.11,7.74,3.185
2013,B,44116,32.72,11.81,7.152
2013,C,38134,28.29,15.54,11.507
2013,D,20569,15.26,18.69,15.99
2013,E,9059,6.72,21.72,18.534
2013,F,4393,3.26,23.98,22.832
2013,G,864,0.64,25.51,23.148
2014,A,36108,15.32,7.47,3.67
2014,B,61935,26.28,11.19,7.592
2014,C,66565,28.25,14.15,12.248
2014,D,42992,18.25,17.12,16.708
2014,E,20121,8.54,20.36,22.221
2014,F,6223,2.64,24.24,26.482
2014,G,1685,0.72,25.86,32.047
2015,A,73336,17.42,6.94,3.751
2015,B,117606,27.93,10.04,8.363
2015,C,120567,28.63,13.3,14.214
2015,D,62654,14.88,16.72,20.806
2015,E,34948,8.3,19.29,25.99
2015,F,9817,2.33,23.61,34.114
2015,G,2167,0.51,26.84,39.548
2016,A,70847,16.31,6.89,3.956
2016,B,134512,30.96,10.24,8.975
2016,C,132178,30.43,13.8,14.76
2016,D,59178,13.62,18.27,21.844
2016,E,25807,5.94,22.43,28.213
2016,F,9334,2.15,25.83,36.287
2016,G,2551,0.59,28.84,41.2
2017,A,78796,17.76,6.96,3.828
2017,B,133127,30.01,10.56,8.533
2017,C,145144,32.72,14.24,14.196
2017,D,56646,12.77,18.76,20.743
2017,E,20167,4.55,24.7,26.781
2017,F,6242,1.41,29.77,33.723
2017,G,3457,0.78,30.87,37.663
2018,A,135177,27.3,7.08,4.244
2018,B,141365,28.54,10.92,8.844
2018,C,126850,25.61,14.71,13.781
2018,D,69046,13.94,19.49,19.165
2018,E,18958,3.83,25.17,24.333
2018,F,3175,0.64,29.48,30.299
2018,G,671,0.14,30.82,32.34
