放款年,实际违约率,基准期违约率,总变化pp,效应,贡献pp
2007,21.061,9.735,11.326,结构效应,3.149
2008,16.924,9.735,7.189,结构效应,1.915
2009,10.604,9.735,0.869,结构效应,0.147
2010,9.229,9.735,-0.506,结构效应,0.203
2011,10.027,9.735,0.292,结构效应,-0.117
2012,11.44,9.735,1.705,结构效应,-0.053
2013,10.59,9.735,0.855,结构效应,0.756
2014,11.892,9.735,2.157,结构效应,0.985
2015,13.31,9.735,3.575,结构效应,0.593
2016,13.589,9.735,3.854,结构效应,0.393
2017,12.521,9.735,2.786,结构效应,0.189
2018,11.054,9.735,1.319,结构效应,-0.631
2007,21.061,9.735,11.326,组内效应,5.23
2008,16.924,9.735,7.189,组内效应,4.672
2009,10.604,9.735,0.869,组内效应,0.874
2010,9.229,9.735,-0.506,组内效应,-0.724
2011,10.027,9.735,0.292,组内效应,0.408
2012,11.44,9.735,1.705,组内效应,1.759
2013,10.59,9.735,0.855,组内效应,0.006
2014,11.892,9.735,2.157,组内效应,0.989
2015,13.31,9.735,3.575,组内效应,2.784
2016,13.589,9.735,3.854,组内效应,3.524
2017,12.521,9.735,2.786,组内效应,2.874
2018,11.054,9.735,1.319,组内效应,2.427
2007,21.061,9.735,11.326,交互项,2.947
2008,16.924,9.735,7.189,交互项,0.602
2009,10.604,9.735,0.869,交互项,-0.152
2010,9.229,9.735,-0.506,交互项,0.015
2011,10.027,9.735,0.292,交互项,0.002
2012,11.44,9.735,1.705,交互项,-0.001
2013,10.59,9.735,0.855,交互项,0.094
2014,11.892,9.735,2.157,交互项,0.183
2015,13.31,9.735,3.575,交互项,0.198
2016,13.589,9.735,3.854,交互项,-0.063
2017,12.521,9.735,2.786,交互项,-0.277
2018,11.054,9.735,1.319,交互项,-0.476
