信用等级,期限,笔数,平均利率,二十四期违约率,违约损失率LGD,期望损失率,毛价差
A,36,409181,7.06,3.969,0.4536,1.8,5.255
A,60,23846,7.58,4.022,0.5588,2.247,5.331
B,36,534906,10.67,8.735,0.4799,4.192,6.477
B,60,128651,10.7,7.503,0.5706,4.281,6.418
C,36,419858,14.07,14.361,0.5155,7.403,6.665
C,60,230195,14.28,12.865,0.5973,7.684,6.594
D,36,184199,18.09,19.77,0.5517,10.906,7.182
D,60,140225,18.21,19.355,0.6306,12.205,6.008
E,36,50791,22.04,24.808,0.5786,14.354,7.69
E,60,84848,21.7,24.927,0.6533,16.284,5.414
F,36,8717,25.37,30.332,0.6091,18.474,6.892
F,60,33083,25.47,31.397,0.6858,21.531,3.944
G,36,2102,28.02,36.965,0.6313,23.337,4.681
G,60,10066,28.08,35.694,0.708,25.272,2.812
