放款年,放款笔数,放款本金_百万,最短可观察账龄,已走完全周期,利息收入率,净损失率,净收益率,是否可比
2007,603,5.0,176,是,14.9,20.03,-5.13,可比
2008,2393,21.1,164,是,15.27,18.96,-3.69,可比
2009,5281,51.9,152,是,16.67,8.93,7.74,可比
2010,12537,132.0,140,是,18.88,12.16,6.71,可比
2011,21721,261.7,128,是,22.07,11.48,10.58,可比
2012,53367,718.4,116,是,22.55,10.2,12.35,可比
2013,134814,1982.8,104,是,23.37,9.15,14.22,可比
2014,235629,3503.8,92,是,22.29,10.22,12.07,可比
2015,421095,6417.6,80,是,20.16,11.15,9.01,可比
2016,434407,6400.6,68,是,19.45,11.17,8.28,可比
2017,443579,6585.0,56,否（数据不可比）,20.05,10.65,9.4,不可比（未走完）
2018,495242,7936.3,44,否（数据不可比）,19.39,12.09,7.31,不可比（未走完）
