特征,分箱,笔数,违约率,违约率下界95,违约率上界95,区间宽度,IV,IV分级,CramersV,p值
01 信用等级,A,433027,3.972038695046729,3.91427516912732,4.0306188880446125,0.1163437189172929,0.3966400391286512,强,0.2040231573114361,0.0
01 信用等级,B,663557,8.496331136586608,8.42948208730315,8.563660746157264,0.1341786588541147,0.3966400391286512,强,0.2040231573114361,0.0
01 信用等级,C,650053,13.83102608556533,13.747316159766193,13.915163502381558,0.1678473426153672,0.3966400391286512,强,0.2040231573114361,0.0
01 信用等级,D,324424,19.59041254654403,19.454196681167023,19.727348581130823,0.2731518999638034,0.3966400391286512,强,0.2040231573114361,0.0
01 信用等级,E,135639,24.88222413907505,24.652857206844,25.113013814247918,0.4601566074039169,0.3966400391286512,强,0.2040231573114361,0.0
01 信用等级,F,41800,31.17464114832536,30.73232687737945,31.62041536437663,0.8880884869971837,0.3966400391286512,强,0.2040231573114361,0.0
01 信用等级,G,12168,35.91387245233399,35.06600943896837,36.77062701545278,1.7046175764844094,0.3966400391286512,强,0.2040231573114361,0.0
02 期限,36,1609754,10.9145248280172,10.866447456577976,10.962788750200318,0.0963412936223413,0.0387689890890317,弱,0.0666024723002308,0.0
02 期限,60,650914,15.74662705057811,15.658341787195743,15.835316628450302,0.1769748412545571,0.0387689890890317,弱,0.0666024723002308,0.0
03 借款用途,car,24013,9.190854953566818,8.831947531190078,9.562817582304282,0.7308700511142039,0.0201816065947473,弱,0.0467024085450035,0.0
03 借款用途,credit_card,516971,10.176006004205265,10.093886409091493,10.2587174573478,0.1648310482563069,0.0201816065947473,弱,0.0467024085450035,0.0
03 借款用途,debt_consolidation,1277877,13.12043334374122,13.06200530859459,13.179083115592324,0.1170778069977327,0.0201816065947473,弱,0.0467024085450035,0.0
03 借款用途,home_improvement,150457,10.843629741387906,10.687514852274475,11.00174412898062,0.3142292767061434,0.0201816065947473,弱,0.0467024085450035,0.0
03 借款用途,house,14136,14.551499717034522,13.979831670140207,15.1424295014418,1.1625978313015928,0.0201816065947473,弱,0.0467024085450035,0.0
03 借款用途,major_purchase,50445,11.908018634156011,11.628274293133671,12.193564264205968,0.5652899710722945,0.0201816065947473,弱,0.0467024085450035,0.0
03 借款用途,medical,27488,13.347642607683351,12.950712590352287,13.754815932698714,0.8041033423464246,0.0201816065947473,弱,0.0467024085450035,0.0
03 借款用途,moving,15403,15.393105239239109,14.83181274802024,15.971655757815508,1.139843009795266,0.0201816065947473,弱,0.0467024085450035,0.0
03 借款用途,other,139440,13.016351118760758,12.84075520837962,13.193984786907489,0.353229578527868,0.0201816065947473,弱,0.0467024085450035,0.0
03 借款用途,renewable_energy,1445,15.22491349480969,13.464885151353156,17.16935395387408,3.704468802520923,0.0201816065947473,弱,0.0467024085450035,0.0
03 借款用途,small_business,24689,19.291992385272792,18.804574058972616,19.788965535919537,0.9843914769469216,0.0201816065947473,弱,0.0467024085450035,0.0
03 借款用途,vacation,15525,12.2061191626409,11.700502200452272,12.73043539118367,1.0299331907313984,0.0201816065947473,弱,0.0467024085450035,0.0
03 借款用途,wedding,2355,8.832271762208068,7.752203514086653,10.046431205599484,2.2942276915128312,0.0201816065947473,弱,0.0467024085450035,0.0
04 住房情况,ANY,996,11.646586345381523,9.800105556466429,13.787790766311105,3.987685209844674,0.0305232479531967,弱,0.0574884052561813,0.0
04 住房情况,MORTGAGE,1111450,10.471456205857214,10.4146687660947,10.52851689647038,0.113848130375679,0.0305232479531967,弱,0.0574884052561813,0.0
04 住房情况,OWN,253057,12.614549291266394,12.485755868107963,12.744477777017163,0.2587219089091999,0.0305232479531967,弱,0.0574884052561813,0.0
04 住房情况,RENT,894929,14.497127705102862,14.424335507935416,14.570224702424843,0.1458891944894293,0.0305232479531967,弱,0.0574884052561813,0.0
05 收入核实,Not Verified,771869,9.496689205033496,9.431486896335496,9.5622946825188,0.1308077861833041,0.0458238012929653,弱,0.0697468406456238,0.0
05 收入核实,Source Verified,859168,12.626866922417967,12.55679895506478,12.697269101441233,0.1404701463764528,0.0458238012929653,弱,0.0697468406456238,0.0
05 收入核实,Verified,629631,15.311507851424087,15.222771923185514,15.400667070442124,0.1778951472566117,0.0458238012929653,弱,0.0697468406456238,0.0
06 申请类型,Individual,2139958,12.311830419101684,12.267874493033888,12.355921658677827,0.0880471656439425,5.497184037244555e-06,几乎无用,0.0007658642563037,0.2495197793884206
06 申请类型,Joint App,120710,12.199486372297242,12.016057727201488,12.385320946178418,0.3692632189769291,5.497184037244555e-06,几乎无用,0.0007658642563037,0.2495197793884206
07 挂牌状态,f,725201,13.263081545668028,13.185212063232411,13.34134023826287,0.1561281750304566,0.0036553978251556,几乎无用,0.0200245203362956,3.8183863200948754e-199
07 挂牌状态,w,1535467,11.85372267850758,11.802689339153003,11.904946894477964,0.1022575553249609,0.0036553978251556,几乎无用,0.0200245203362956,3.8183863200948754e-199
08 所在州,CA,314533,12.761776983655134,12.645622652577815,12.8788409338207,0.2332182812428858,0.0037463644105227,几乎无用,0.0202007966570924,9.069688446035731e-192
08 所在州,FL,161991,13.748911976591293,13.582073740184292,13.917469553915256,0.3353958137309654,0.0037463644105227,几乎无用,0.0202007966570924,9.069688446035731e-192
08 所在州,GA,74196,11.383362984527468,11.15682130910578,11.613903311955944,0.4570820028501643,0.0037463644105227,几乎无用,0.0202007966570924,9.069688446035731e-192
08 所在州,IL,91173,10.835444704024216,10.635328921114109,11.038860766983182,0.4035318458690753,0.0037463644105227,几乎无用,0.0202007966570924,9.069688446035731e-192
08 所在州,NJ,83132,12.40797767406053,12.185606552945378,12.633822952896058,0.4482163999506792,0.0037463644105227,几乎无用,0.0202007966570924,9.069688446035731e-192
08 所在州,NY,186389,13.357011411617638,13.203323710183628,13.51220955415822,0.3088858439745934,0.0037463644105227,几乎无用,0.0202007966570924,9.069688446035731e-192
08 所在州,OH,75132,12.05877655326625,11.827856146599451,12.29357673291194,0.4657205863124876,0.0037463644105227,几乎无用,0.0202007966570924,9.069688446035731e-192
08 所在州,PA,76939,12.337046231430094,12.106546089002174,12.57130724362026,0.4647611546180847,0.0037463644105227,几乎无用,0.0202007966570924,9.069688446035731e-192
08 所在州,TX,186335,12.225293154801836,12.077332992340432,12.374810859561668,0.2974778672212359,0.0037463644105227,几乎无用,0.0202007966570924,9.069688446035731e-192
08 所在州,VA,62954,11.922991390539124,11.672167472057248,12.17846212131814,0.5062946492608926,0.0037463644105227,几乎无用,0.0202007966570924,9.069688446035731e-192
08 所在州,其他,947894,11.964206968289703,11.899025784679669,12.029696451583728,0.1306706669040593,0.0037463644105227,几乎无用,0.0202007966570924,9.069688446035731e-192
09 负债收入比,00 低于10,407850,9.99436067181562,9.902688333383638,10.086786641320142,0.1840983079365035,0.0379001895507366,弱,0.0650202029030417,0.0
09 负债收入比,01 10-15,447089,10.432822100297704,10.34355636727186,10.522767787268124,0.179211419996264,0.0379001895507366,弱,0.0650202029030417,0.0
09 负债收入比,02 15-20,475217,11.6803481356938,11.589337590428194,11.771978219336996,0.1826406289088034,0.0379001895507366,弱,0.0650202029030417,0.0
09 负债收入比,03 20-25,399409,13.153434199029066,13.048968765162568,13.258608422160393,0.2096396569978242,0.0379001895507366,弱,0.0650202029030417,0.0
09 负债收入比,04 25-30,283361,14.826669866354226,14.696300971559417,14.95799245649303,0.261691484933614,0.0379001895507366,弱,0.0650202029030417,0.0
09 负债收入比,05 30以上,246031,16.480849974190246,16.334770171418178,16.627976516244452,0.2932063448262738,0.0379001895507366,弱,0.0650202029030417,0.0
09 负债收入比,99 缺失,1711,10.753945061367622,9.372932064060883,12.310796625516044,2.937864561455159,0.0379001895507366,弱,0.0650202029030417,0.0
10 年收入,00 3万以下,135811,15.657789133428071,15.465485535984074,15.852035508785155,0.3865499728010828,0.0294933829998041,弱,0.0556389748116381,0.0
10 年收入,01 3-5万,502491,14.208214674491682,14.111953344809208,14.30502326440898,0.19306991959977,0.0294933829998041,弱,0.0556389748116381,0.0
10 年收入,02 5-7.5万,696575,12.7387574920145,12.660665708949583,12.817260263127489,0.1565945541779037,0.0294933829998041,弱,0.0556389748116381,0.0
10 年收入,03 7.5-10万,431657,11.422263510148104,11.327715630270898,11.51749804129509,0.1897824110241917,0.0294933829998041,弱,0.0556389748116381,0.0
10 年收入,04 10-15万,336046,9.993572308552997,9.89262548494388,10.095433810127073,0.2028083251831915,0.0294933829998041,弱,0.0556389748116381,0.0
10 年收入,05 15万以上,158088,8.799529376043722,8.660880595397103,8.940180483013412,0.2792998876163093,0.0294933829998041,弱,0.0556389748116381,0.0
11 额度使用率,00 低于20%,287377,10.274656635708494,10.164174792481395,10.386200546109023,0.2220257536276282,0.0089748718541399,几乎无用,0.030580613551457,0.0
11 额度使用率,01 20-40%,523527,11.529682327750049,11.443448960555983,11.616480275139308,0.1730313145833246,0.0089748718541399,几乎无用,0.030580613551457,0.0
11 额度使用率,02 40-60%,616514,12.70725401207434,12.624348329697286,12.790624446007053,0.1662761163097652,0.0089748718541399,几乎无用,0.030580613551457,0.0
11 额度使用率,03 60-80%,520450,13.094053223172256,13.002676435045796,13.185974835349596,0.1832984003037996,0.0089748718541399,几乎无用,0.030580613551457,0.0
11 额度使用率,04 80%以上,310998,13.377577990855247,13.25838893138292,13.49767179542919,0.2392828640462703,0.0089748718541399,几乎无用,0.030580613551457,0.0
11 额度使用率,99 缺失,1802,11.764705882352942,10.357788857116365,13.33430019432646,2.9765113372100984,0.0089748718541399,几乎无用,0.030580613551457,0.0
12 借款金额,00 5千以下,214606,10.017427285350829,9.89111616197602,10.14516981606647,0.2540536540904501,0.0108271766789304,几乎无用,0.0335928732064531,0.0
12 借款金额,01 5千-1万,495455,11.171347549222432,11.08393153381834,11.259365689924252,0.1754341561059114,0.0108271766789304,几乎无用,0.0335928732064531,0.0
12 借款金额,02 1-1.5万,527006,12.411433645916745,12.322688493689473,12.50072679639797,0.1780383027084973,0.0108271766789304,几乎无用,0.0335928732064531,0.0
12 借款金额,03 1.5-2万,355499,13.12408755017595,13.01348639240117,13.235485677699998,0.2219992852988284,0.0108271766789304,几乎无用,0.0335928732064531,0.0
12 借款金额,04 2-2.5万,290948,13.343965244648528,13.22088559150223,13.468012878078728,0.2471272865764984,0.0108271766789304,几乎无用,0.0335928732064531,0.0
12 借款金额,05 2.5万以上,377154,13.37861987410978,13.270346505337937,13.487639268435776,0.2172927630978378,0.0108271766789304,几乎无用,0.0335928732064531,0.0
13 半年查询次数,00 0次,1381722,10.599454883109628,10.54823599943859,10.650892856747088,0.1026568573084976,0.0468374412041428,弱,0.0740112513123581,0.0
13 半年查询次数,01 1次,584390,13.811837984907338,13.723614358005298,13.900537388360396,0.1769230303550983,0.0468374412041428,弱,0.0740112513123581,0.0
13 半年查询次数,02 2次,200212,16.394621700996943,16.233093667856576,16.557439326611526,0.3243456587549502,0.0468374412041428,弱,0.0740112513123581,0.0
13 半年查询次数,03 3次,69009,18.79175180048979,18.502026608371292,19.0849514070362,0.5829247986649051,0.0468374412041428,弱,0.0740112513123581,0.0
13 半年查询次数,04 4次以上,25335,20.65127294256957,20.157270420708542,21.15417453500719,0.9969041142986476,0.0468374412041428,弱,0.0740112513123581,0.0
14 在用账户数,00 少于5个,112815,11.71209502282498,11.525750897943452,11.901046634429012,0.37529573648556,0.0015161249878825,几乎无用,0.0127716018215288,1.5697540348633089e-78
14 在用账户数,01 5-8个,426843,11.671973067380746,11.575991863162956,11.768644172208845,0.1926523090458882,0.0015161249878825,几乎无用,0.0127716018215288,1.5697540348633089e-78
14 在用账户数,02 8-12个,749317,12.25022253598944,12.176179373406312,12.324652767868006,0.1484733944616945,0.0015161249878825,几乎无用,0.0127716018215288,1.5697540348633089e-78
14 在用账户数,03 12-18个,666187,12.565090582674234,12.48571185548558,12.644901047854573,0.1591891923689914,0.0015161249878825,几乎无用,0.0127716018215288,1.5697540348633089e-78
14 在用账户数,04 18个以上,305506,12.98174176611916,12.863023110878006,13.101391385417552,0.2383682745395461,0.0015161249878825,几乎无用,0.0127716018215288,1.5697540348633089e-78
15 两年逾期次数,00 无,1839108,12.126422156828202,12.079322336191572,12.173680200726029,0.0943578645344569,0.0013707963219992,几乎无用,0.0123446681416728,1.5547951648119295e-75
15 两年逾期次数,01 1次,281353,12.835121715425108,12.7120339167693,12.959224400341409,0.2471904835721066,0.0013707963219992,几乎无用,0.0123446681416728,1.5547951648119295e-75
15 两年逾期次数,02 2次以上,140207,13.5970386642607,13.418621177273588,13.777450941588864,0.358829764315276,0.0013707963219992,几乎无用,0.0123446681416728,1.5547951648119295e-75
16 公共不良记录,00 无,1902758,11.86913942813537,11.823260850422368,11.915171975210985,0.0919111247886164,0.0082000037737307,几乎无用,0.0306487960184641,0.0
16 公共不良记录,01 有,357910,14.627420301193036,14.512025647834188,14.743574284236166,0.2315486364019783,0.0082000037737307,几乎无用,0.0306487960184641,0.0
17 信用史长度,00 5年以下,69637,15.926877952812442,15.65697072656603,16.200544332528253,0.5435736059622229,0.018729287796666,几乎无用,0.0450692812852062,0.0
17 信用史长度,01 5-10年,313593,14.164219226832232,14.042617842168992,14.286698596966978,0.2440807547979862,0.018729287796666,几乎无用,0.0450692812852062,0.0
17 信用史长度,02 10-15年,764092,13.197756291127249,13.122048799952864,13.2738338392807,0.1517850393278355,0.018729287796666,几乎无用,0.0450692812852062,0.0
17 信用史长度,03 15-20年,524231,11.481007418485362,11.394991099401896,11.567588272964644,0.1725971735627496,0.018729287796666,几乎无用,0.0450692812852062,0.0
17 信用史长度,04 20年以上,589115,10.465698547821733,10.38778712197595,10.544125574126143,0.1563384521501927,0.018729287796666,几乎无用,0.0450692812852062,0.0
18 工作年限,01 1-3年,542068,12.856689566622638,12.76784593525907,12.946059658615257,0.1782137233561851,0.0134677889824384,几乎无用,0.0394769861363798,0.0
18 工作年限,02 3-5年,317358,12.50512040030502,12.390489631019012,12.620658905245344,0.2301692742263323,0.0134677889824384,几乎无用,0.0394769861363798,0.0
18 工作年限,03 5-10年,506330,12.151956234076591,12.062246200400969,12.24224058071724,0.1799943803162733,0.0134677889824384,几乎无用,0.0394769861363798,0.0
18 工作年限,04 10年以上,748005,11.109284028850077,11.03826807835074,11.180699446751843,0.1424313684011053,0.0134677889824384,几乎无用,0.0394769861363798,0.0
18 工作年限,99 缺失,146907,16.465519001817476,16.276745226752546,16.656046576136426,0.3793013493838799,0.0134677889824384,几乎无用,0.0394769861363798,0.0
