建议,维度,指标,数值,单位,年化缺口_百万美元,敞口_百万美元,监控指标
2 六十期期限价,D 级,应补价差,1.3,pp,36.69,2825.1,
2 六十期期限价,E 级,应补价差,1.93,pp,33.81,1751.7,
2 六十期期限价,F 级,应补价差,3.06,pp,21.43,701.2,
2 六十期期限价,G 级,应补价差,1.93,pp,4.22,218.1,
3 用途纳入规则,1 优质 A-B,超额违约,4.18,pp,2.93,128.7,
3 用途纳入规则,2 中间 C-D,超额违约,4.28,pp,4.79,189.0,
3 用途纳入规则,3 高危 E-G,超额违约,3.86,pp,2.23,88.2,
1 B/C 级定价缺口,全样本,,6.432,pp,,,B 级毛价差
1 B/C 级定价缺口,全样本,,12.391,pp,,,B/C 级平均利率
2 六十期期限价,全样本,,0.065,pp,,,六十期与三十六期的利率差（G 级）
2 六十期期限价,全样本,,1.935,pp,,,六十期与三十六期的期望损失差（G 级）
3 用途纳入规则,全样本,,6.931,pp,,,同组其他用途的中位违约率（A-B 组内）
3 用途纳入规则,全样本,,10.892,pp,,,小微经营贷的违约率（A-B 组内）
