字段,早年缺失率,晚年缺失率
id,1.0,1.0
member_id,1.0,1.0
loan_amnt,0.0,0.0
funded_amnt,0.0,0.0
funded_amnt_inv,0.0,0.0
term,0.0,0.0
int_rate,0.0,0.0
installment,0.0,0.0
grade,0.0,0.0
sub_grade,0.0,0.0
emp_title,0.08955223880597014,0.11035412990012963
emp_length,0.0,0.0
home_ownership,0.0,0.0
annual_inc,0.006633499170812604,0.0
verification_status,0.0,0.0
issue_d,0.0,0.0
pymnt_plan,0.0,0.0
url,1.0,1.0
desc,0.024875621890547265,1.0
purpose,0.0,0.0
title,0.0,0.0
zip_code,0.0,0.0
addr_state,0.0,0.0
dti,0.0,0.002285751208500087
delinq_2yrs,0.04809286898839138,0.0
earliest_cr_line,0.04809286898839138,0.0
inq_last_6mths,0.04809286898839138,0.0
mths_since_last_delinq,0.06467661691542288,0.5586198262667544
mths_since_last_record,0.06965174129353234,0.8728217719821825
open_acc,0.04809286898839138,0.0
pub_rec,0.04809286898839138,0.0
revol_bal,0.0,0.0
revol_util,0.05306799336650083,0.0011953751903109994
total_acc,0.04809286898839138,0.0
initial_list_status,0.0,0.0
out_prncp,0.0,0.0
out_prncp_inv,0.0,0.0
total_pymnt,0.0,0.0
total_pymnt_inv,0.0,0.0
total_rec_prncp,0.0,0.0
total_rec_int,0.0,0.0
total_rec_late_fee,0.0,0.0
recoveries,0.0,0.0
collection_recovery_fee,0.0,0.0
last_pymnt_d,0.0,0.001284220643644925
last_pymnt_amnt,0.0,0.0
next_pymnt_d,0.41625207296849087,0.9225247454779684
last_credit_pull_d,0.004975124378109453,1.009607424249155e-05
collections_12_mths_ex_med,0.24046434494195687,0.0
mths_since_last_major_derog,1.0,0.7681275013023936
policy_code,0.0,0.0
application_type,0.0,0.0
annual_inc_joint,1.0,0.8607044636763441
dti_joint,1.0,0.8607044636763441
verification_status_joint,1.0,0.8707480383327747
acc_now_delinq,0.04809286898839138,0.0
tot_coll_amt,1.0,0.0
tot_cur_bal,1.0,0.0
open_acc_6m,1.0,0.0
open_act_il,1.0,0.0
open_il_12m,1.0,0.0
open_il_24m,1.0,0.0
mths_since_rcnt_il,1.0,0.03717374536085388
total_bal_il,1.0,0.0
il_util,1.0,0.1632010209150274
open_rv_12m,1.0,0.0
open_rv_24m,1.0,0.0
max_bal_bc,1.0,0.0
all_util,1.0,0.00026047871545628197
total_rev_hi_lim,1.0,0.0
inq_fi,1.0,0.0
total_cu_tl,1.0,0.0
inq_last_12m,1.0,0.0
acc_open_past_24mths,1.0,0.0
avg_cur_bal,1.0,8.07685939399324e-05
bc_open_to_buy,1.0,0.013302587421906866
bc_util,1.0,0.013736718614334002
chargeoff_within_12_mths,0.24046434494195687,0.0
delinq_amnt,0.04809286898839138,0.0
mo_sin_old_il_acct,1.0,0.03717374536085388
mo_sin_old_rev_tl_op,1.0,0.0
mo_sin_rcnt_rev_tl_op,1.0,0.0
mo_sin_rcnt_tl,1.0,0.0
mort_acc,1.0,0.0
mths_since_recent_bc,1.0,0.012515093630992525
mths_since_recent_bc_dlq,1.0,0.8018948312138308
mths_since_recent_inq,1.0,0.12378796628718888
mths_since_recent_revol_delinq,1.0,0.7118782332677761
num_accts_ever_120_pd,1.0,0.0
num_actv_bc_tl,1.0,0.0
num_actv_rev_tl,1.0,0.0
num_bc_sats,1.0,0.0
num_bc_tl,1.0,0.0
num_il_tl,1.0,0.0
num_op_rev_tl,1.0,0.0
num_rev_accts,1.0,0.0
num_rev_tl_bal_gt_0,1.0,0.0
num_sats,1.0,0.0
num_tl_120dpd_2m,1.0,0.025046340980773036
num_tl_30dpd,1.0,0.0
num_tl_90g_dpd_24m,1.0,0.0
num_tl_op_past_12m,1.0,0.0
pct_tl_nvr_dlq,1.0,4.03842969699662e-06
percent_bc_gt_75,1.0,0.013318741140694852
pub_rec_bankruptcies,0.966832504145937,0.0
tax_liens,0.17412935323383086,0.0
tot_hi_cred_lim,1.0,0.0
total_bal_ex_mort,1.0,0.0
total_bc_limit,1.0,0.0
total_il_high_credit_limit,1.0,0.0
revol_bal_joint,1.0,0.8607044636763441
sec_app_earliest_cr_line,1.0,0.8607044636763441
sec_app_inq_last_6mths,1.0,0.8607044636763441
sec_app_mort_acc,1.0,0.8607044636763441
sec_app_open_acc,1.0,0.8607044636763441
sec_app_revol_util,1.0,0.8631214638499966
sec_app_open_act_il,1.0,0.8607044636763441
sec_app_num_rev_accts,1.0,0.8607044636763441
sec_app_chargeoff_within_12_mths,1.0,0.8607044636763441
sec_app_collections_12_mths_ex_med,1.0,0.8607044636763441
sec_app_mths_since_last_major_derog,1.0,0.9548160293351533
hardship_flag,0.0,0.0
hardship_type,1.0,0.995862628775427
hardship_reason,1.0,0.995862628775427
hardship_status,1.0,0.995862628775427
deferral_term,1.0,0.995862628775427
hardship_amount,1.0,0.995862628775427
hardship_start_date,1.0,0.995862628775427
hardship_end_date,1.0,0.995862628775427
payment_plan_start_date,1.0,0.995862628775427
hardship_length,1.0,0.995862628775427
hardship_dpd,1.0,0.995862628775427
hardship_loan_status,1.0,0.995862628775427
orig_projected_additional_accrued_interest,1.0,0.9967753138869482
hardship_payoff_balance_amount,1.0,0.995862628775427
hardship_last_payment_amount,1.0,0.995862628775427
debt_settlement_flag,0.0,0.0
debt_settlement_flag_date,0.9983416252072969,0.9888620108956834
settlement_status,0.9983416252072969,0.9888620108956834
settlement_date,0.9983416252072969,0.9888620108956834
settlement_amount,0.9983416252072969,0.9888620108956834
settlement_percentage,0.9983416252072969,0.9888620108956834
settlement_term,0.9983416252072969,0.9888620108956834
