特征,分箱,笔数,坏账数,好客户数,违约率,下界,上界,区间宽度
01 信用等级,A,433027,17200.0,415827.0,3.972038695046729,3.9142751691273197,4.0306188880446125,0.1163437189172929
01 信用等级,B,663557,56378.0,607179.0,8.496331136586608,8.42948208730315,8.563660746157264,0.13417865885411473
01 信用等级,C,650053,89909.0,560144.0,13.83102608556533,13.747316159766191,13.915163502381558,0.16784734261536727
01 信用等级,D,324424,63556.0,260868.0,19.59041254654403,19.454196681167023,19.727348581130826,0.2731518999638034
01 信用等级,E,135639,33750.0,101889.0,24.882224139075046,24.652857206843997,25.113013814247914,0.46015660740391695
01 信用等级,F,41800,13031.0,28769.0,31.17464114832536,30.732326877379446,31.62041536437663,0.8880884869971837
01 信用等级,G,12168,4370.0,7798.0,35.91387245233399,35.06600943896837,36.77062701545278,1.7046175764844094
02 期限,36,1609754,175697.0,1434057.0,10.9145248280172,10.866447456577976,10.962788750200318,0.09634129362234134
02 期限,60,650914,102497.0,548417.0,15.74662705057811,15.658341787195745,15.835316628450302,0.1769748412545571
03 借款用途,car,24013,2207.0,21806.0,9.190854953566818,8.831947531190078,9.562817582304282,0.7308700511142039
03 借款用途,credit_card,516971,52607.0,464364.0,10.176006004205265,10.093886409091493,10.2587174573478,0.1648310482563069
03 借款用途,debt_consolidation,1277877,167663.0,1110214.0,13.12043334374122,13.06200530859459,13.179083115592324,0.11707780699773274
03 借款用途,home_improvement,150457,16315.0,134142.0,10.843629741387906,10.687514852274475,11.001744128980619,0.3142292767061434
03 借款用途,house,14136,2057.0,12079.0,14.551499717034522,13.979831670140207,15.1424295014418,1.1625978313015928
03 借款用途,major_purchase,50445,6007.0,44438.0,11.908018634156011,11.628274293133673,12.193564264205968,0.5652899710722945
03 借款用途,medical,27488,3669.0,23819.0,13.347642607683353,12.950712590352289,13.754815932698714,0.8041033423464246
03 借款用途,moving,15403,2371.0,13032.0,15.393105239239109,14.83181274802024,15.971655757815507,1.1398430097952659
03 借款用途,other,139440,18150.0,121290.0,13.016351118760758,12.84075520837962,13.193984786907489,0.35322957852786807
03 借款用途,renewable_energy,1445,220.0,1225.0,15.22491349480969,13.464885151353156,17.16935395387408,3.704468802520923
03 借款用途,small_business,24689,4763.0,19926.0,19.291992385272792,18.804574058972616,19.788965535919537,0.9843914769469215
03 借款用途,vacation,15525,1895.0,13630.0,12.206119162640901,11.700502200452272,12.73043539118367,1.0299331907313984
03 借款用途,wedding,2355,208.0,2147.0,8.832271762208068,7.752203514086653,10.046431205599484,2.2942276915128312
04 住房情况,ANY,996,116.0,880.0,11.646586345381525,9.800105556466429,13.787790766311103,3.987685209844674
04 住房情况,MORTGAGE,1111450,116385.0,995065.0,10.471456205857214,10.414668766094701,10.52851689647038,0.11384813037567909
04 住房情况,OWN,253057,31922.0,221135.0,12.614549291266394,12.485755868107963,12.744477777017163,0.2587219089091999
04 住房情况,RENT,894929,129739.0,765190.0,14.497127705102862,14.424335507935416,14.570224702424845,0.14588919448942939
05 收入核实,Not Verified,771869,73302.0,698567.0,9.496689205033496,9.431486896335496,9.5622946825188,0.13080778618330413
05 收入核实,Source Verified,859168,108486.0,750682.0,12.626866922417967,12.55679895506478,12.697269101441233,0.14047014637645283
05 收入核实,Verified,629631,96406.0,533225.0,15.311507851424087,15.222771923185514,15.400667070442125,0.1778951472566117
06 申请类型,Individual,2139958,263468.0,1876490.0,12.311830419101684,12.267874493033887,12.355921658677829,0.08804716564394255
06 申请类型,Joint App,120710,14726.0,105984.0,12.199486372297242,12.016057727201488,12.385320946178418,0.36926321897692915
07 挂牌状态,f,725201,96184.0,629017.0,13.263081545668028,13.185212063232413,13.34134023826287,0.15612817503045662
07 挂牌状态,w,1535467,182010.0,1353457.0,11.85372267850758,11.802689339153003,11.904946894477964,0.10225755532496095
08 所在州,CA,314533,40140.0,274393.0,12.761776983655134,12.645622652577815,12.878840933820701,0.2332182812428858
08 所在州,FL,161991,22272.0,139719.0,13.748911976591293,13.582073740184292,13.917469553915257,0.3353958137309654
08 所在州,GA,74196,8446.0,65750.0,11.383362984527468,11.15682130910578,11.613903311955944,0.4570820028501643
08 所在州,IL,91173,9879.0,81294.0,10.835444704024217,10.635328921114107,11.038860766983182,0.4035318458690753
08 所在州,NJ,83132,10315.0,72817.0,12.40797767406053,12.185606552945378,12.633822952896058,0.4482163999506792
08 所在州,NY,186389,24896.0,161493.0,13.357011411617638,13.203323710183627,13.51220955415822,0.3088858439745934
08 所在州,OH,75132,9060.0,66072.0,12.05877655326625,11.827856146599453,12.29357673291194,0.4657205863124876
08 所在州,PA,76939,9492.0,67447.0,12.337046231430094,12.106546089002174,12.571307243620259,0.46476115461808476
08 所在州,TX,186335,22780.0,163555.0,12.225293154801836,12.077332992340432,12.374810859561668,0.2974778672212359
08 所在州,VA,62954,7506.0,55448.0,11.922991390539124,11.672167472057247,12.17846212131814,0.5062946492608926
08 所在州,其他,947894,113408.0,834486.0,11.964206968289703,11.899025784679669,12.029696451583728,0.13067066690405937
09 负债收入比,00 低于10,407850,40762.0,367088.0,9.994360671815619,9.902688333383638,10.086786641320142,0.1840983079365035
09 负债收入比,01 10-15,447089,46644.0,400445.0,10.432822100297704,10.34355636727186,10.522767787268124,0.179211419996264
09 负债收入比,02 15-20,475217,55507.0,419710.0,11.6803481356938,11.589337590428194,11.771978219336997,0.1826406289088034
09 负债收入比,03 20-25,399409,52536.0,346873.0,13.153434199029066,13.048968765162568,13.258608422160393,0.20963965699782428
09 负债收入比,04 25-30,283361,42013.0,241348.0,14.826669866354226,14.696300971559417,14.95799245649303,0.26169148493361405
09 负债收入比,05 30以上,246031,40548.0,205483.0,16.480849974190246,16.334770171418178,16.627976516244452,0.29320634482627383
09 负债收入比,99 缺失,1711,184.0,1527.0,10.753945061367622,9.372932064060885,12.310796625516044,2.937864561455159
10 年收入,00 3万以下,135811,21265.0,114546.0,15.657789133428073,15.465485535984074,15.852035508785157,0.38654997280108283
10 年收入,01 3-5万,502491,71395.0,431096.0,14.208214674491682,14.111953344809208,14.305023264408979,0.19306991959977005
10 年收入,02 5-7.5万,696575,88735.0,607840.0,12.7387574920145,12.660665708949583,12.817260263127487,0.1565945541779037
10 年收入,03 7.5-10万,431657,49305.0,382352.0,11.422263510148104,11.327715630270898,11.51749804129509,0.1897824110241917
10 年收入,04 10-15万,336046,33583.0,302463.0,9.993572308552995,9.89262548494388,10.095433810127071,0.20280832518319158
10 年收入,05 15万以上,158088,13911.0,144177.0,8.799529376043722,8.660880595397103,8.940180483013412,0.2792998876163093
11 额度使用率,00 低于20%,287377,29527.0,257850.0,10.274656635708494,10.164174792481395,10.386200546109023,0.22202575362762822
11 额度使用率,01 20-40%,523527,60361.0,463166.0,11.529682327750049,11.443448960555983,11.616480275139308,0.17303131458332466
11 额度使用率,02 40-60%,616514,78342.0,538172.0,12.70725401207434,12.624348329697286,12.790624446007051,0.16627611630976524
11 额度使用率,03 60-80%,520450,68148.0,452302.0,13.094053223172255,13.002676435045796,13.185974835349596,0.18329840030379962
11 额度使用率,04 80%以上,310998,41604.0,269394.0,13.377577990855247,13.25838893138292,13.49767179542919,0.2392828640462703
11 额度使用率,99 缺失,1802,212.0,1590.0,11.764705882352942,10.357788857116363,13.334300194326461,2.9765113372100984
12 借款金额,00 5千以下,214606,21498.0,193108.0,10.017427285350829,9.89111616197602,10.14516981606647,0.2540536540904501
12 借款金额,01 5千-1万,495455,55349.0,440106.0,11.171347549222432,11.08393153381834,11.259365689924252,0.1754341561059114
12 借款金额,02 1-1.5万,527006,65409.0,461597.0,12.411433645916745,12.322688493689473,12.50072679639797,0.1780383027084973
12 借款金额,03 1.5-2万,355499,46656.0,308843.0,13.12408755017595,13.01348639240117,13.235485677699998,0.2219992852988284
12 借款金额,04 2-2.5万,290948,38824.0,252124.0,13.343965244648528,13.22088559150223,13.468012878078728,0.2471272865764984
12 借款金额,05 2.5万以上,377154,50458.0,326696.0,13.37861987410978,13.270346505337937,13.487639268435775,0.21729276309783785
13 半年查询次数,00 0次,1381722,146455.0,1235267.0,10.599454883109628,10.54823599943859,10.650892856747088,0.1026568573084976
13 半年查询次数,01 1次,584390,80715.0,503675.0,13.811837984907338,13.723614358005298,13.900537388360396,0.17692303035509838
13 半年查询次数,02 2次,200212,32824.0,167388.0,16.394621700996943,16.233093667856576,16.557439326611526,0.32434565875495025
13 半年查询次数,03 3次,69009,12968.0,56041.0,18.79175180048979,18.502026608371295,19.0849514070362,0.5829247986649051
13 半年查询次数,04 4次以上,25335,5232.0,20103.0,20.651272942569566,20.157270420708542,21.15417453500719,0.9969041142986477
14 在用账户数,00 少于5个,112815,13213.0,99602.0,11.712095022824979,11.525750897943453,11.901046634429013,0.37529573648556
14 在用账户数,01 5-8个,426843,49821.0,377022.0,11.671973067380746,11.575991863162956,11.768644172208845,0.19265230904588826
14 在用账户数,02 8-12个,749317,91793.0,657524.0,12.25022253598944,12.176179373406312,12.324652767868006,0.1484733944616945
14 在用账户数,03 12-18个,666187,83707.0,582480.0,12.565090582674234,12.485711855485581,12.644901047854573,0.15918919236899143
14 在用账户数,04 18个以上,305506,39660.0,265846.0,12.98174176611916,12.863023110878006,13.101391385417552,0.23836827453954612
15 两年逾期次数,00 无,1839108,223018.0,1616090.0,12.126422156828202,12.079322336191572,12.173680200726029,0.09435786453445694
15 两年逾期次数,01 1次,281353,36112.0,245241.0,12.835121715425107,12.7120339167693,12.959224400341407,0.2471904835721066
15 两年逾期次数,02 2次以上,140207,19064.0,121143.0,13.597038664260701,13.418621177273588,13.777450941588864,0.358829764315276
16 公共不良记录,00 无,1902758,225841.0,1676917.0,11.86913942813537,11.823260850422367,11.915171975210983,0.0919111247886164
16 公共不良记录,01 有,357910,52353.0,305557.0,14.627420301193037,14.512025647834188,14.743574284236166,0.2315486364019783
17 信用史长度,00 5年以下,69637,11091.0,58546.0,15.926877952812442,15.65697072656603,16.200544332528253,0.5435736059622229
17 信用史长度,01 5-10年,313593,44418.0,269175.0,14.164219226832232,14.042617842168992,14.286698596966978,0.2440807547979862
17 信用史长度,02 10-15年,764092,100843.0,663249.0,13.197756291127247,13.122048799952864,13.2738338392807,0.1517850393278355
17 信用史长度,03 15-20年,524231,60187.0,464044.0,11.481007418485362,11.394991099401896,11.567588272964645,0.17259717356274962
17 信用史长度,04 20年以上,589115,61655.0,527460.0,10.465698547821733,10.38778712197595,10.544125574126143,0.1563384521501927
18 工作年限,01 1-3年,542068,69692.0,472376.0,12.856689566622638,12.76784593525907,12.946059658615255,0.17821372335618513
18 工作年限,02 3-5年,317358,39686.0,277672.0,12.50512040030502,12.390489631019012,12.620658905245344,0.23016927422633238
18 工作年限,03 5-10年,506330,61529.0,444801.0,12.151956234076591,12.062246200400967,12.24224058071724,0.17999438031627335
18 工作年限,04 10年以上,748005,83098.0,664907.0,11.109284028850075,11.03826807835074,11.180699446751845,0.14243136840110537
18 工作年限,99 缺失,146907,24189.0,122718.0,16.465519001817476,16.276745226752546,16.656046576136426,0.37930134938387994
