特征,分箱数,笔数,违约率,IV,CramersV,卡方,p值,最差箱,最差箱违约率,最好箱,最好箱违约率,IV分级,倍数
01 信用等级,7,2260668,12.305831727613255,0.39664003912865126,0.20402315731143614,94101.31990542357,0.0,G,35.91387245233399,A,3.972038695046729,强,9.041672352567925
13 半年查询次数,5,2260668,12.305831727613255,0.04683744120414289,0.07401125131235817,12383.182705489855,0.0,04 4次以上,20.651272942569566,00 0次,10.599454883109628,弱,1.9483334917041484
05 收入核实,3,2260668,12.305831727613255,0.04582380129296536,0.06974684064562389,10997.29479025315,0.0,Verified,15.311507851424087,Not Verified,9.496689205033496,弱,1.6122995626000463
02 期限,2,2260668,12.305831727613255,0.03876898908903176,0.06660247230023088,10028.073029360252,0.0,60,15.74662705057811,36,10.9145248280172,弱,1.442722179728528
09 负债收入比,7,2260668,12.305831727613255,0.037900189550736665,0.06502020290304177,9557.260590041897,0.0,05 30以上,16.480849974190246,00 低于10,9.994360671815619,弱,1.649014931056742
04 住房情况,4,2260432,12.305700857181282,0.030523247953196768,0.057488405256181326,7470.539553942801,0.0,RENT,14.497127705102862,MORTGAGE,10.471456205857214,弱,1.3844423755498196
10 年收入,6,2260668,12.305831727613255,0.029493382999804137,0.055638974811638126,6998.339795489714,0.0,00 3万以下,15.657789133428073,05 15万以上,8.799529376043722,弱,1.7793893814430144
03 借款用途,13,2260244,12.30539711641752,0.020181606594747395,0.046702408545003564,4929.852010475187,0.0,small_business,19.291992385272792,wedding,8.832271762208068,弱,2.184261637851799
17 信用史长度,5,2260668,12.305831727613255,0.018729287796666064,0.04506928128520626,4591.959529574195,0.0,00 5年以下,15.926877952812442,04 20年以上,10.465698547821733,几乎无用,1.5218169986491124
18 工作年限,5,2260668,12.305831727613255,0.01346778898243843,0.0394769861363798,3523.0983346371327,0.0,99 缺失,16.465519001817476,04 10年以上,11.109284028850075,几乎无用,1.48214042948741
12 借款金额,6,2260668,12.305831727613255,0.010827176678930453,0.03359287320645318,2551.1211797935557,0.0,05 2.5万以上,13.37861987410978,00 5千以下,10.017427285350829,几乎无用,1.3355345133050534
11 额度使用率,6,2260668,12.305831727613255,0.008974871854139968,0.030580613551457022,2114.117767096861,0.0,04 80%以上,13.377577990855247,00 低于20%,10.274656635708494,几乎无用,1.3019975718081784
16 公共不良记录,2,2260668,12.305831727613255,0.00820000377373073,0.03064879601846419,2123.5555410118745,0.0,01 有,14.627420301193037,00 无,11.86913942813537,几乎无用,1.2323909740683694
08 所在州,11,2260668,12.305831727613255,0.0037463644105227103,0.02020079665709242,922.5157316334718,9.069688446035733e-192,FL,13.748911976591293,IL,10.835444704024217,几乎无用,1.2688830363819799
07 挂牌状态,2,2260668,12.305831727613255,0.0036553978251556343,0.02002452033629567,906.4858528041233,3.8183863200948754e-199,f,13.263081545668028,w,11.85372267850758,几乎无用,1.1188958865821796
14 在用账户数,5,2260668,12.305831727613255,0.0015161249878825704,0.012771601821528821,368.7461776052955,1.5697540348633089e-78,04 18个以上,12.98174176611916,01 5-8个,11.671973067380746,几乎无用,1.1122148492955986
15 两年逾期次数,3,2260668,12.305831727613255,0.0013707963219992943,0.012344668141672878,344.505076328816,1.5547951648119297e-75,02 2次以上,13.597038664260701,00 无,12.126422156828202,几乎无用,1.1212737350236828
06 申请类型,2,2260668,12.305831727613255,5.497184037244555e-06,0.0007658642563037803,1.3259904276327257,0.24951977938842068,Individual,12.311830419101684,Joint App,12.199486372297242,几乎无用,1.0092089161277769
