特征,分箱,时段,笔数,二十四期违约率
01 借款用途,car,前段 2010-2014,5140,7.763
01 借款用途,car,后段 2015-2018,18615,9.557
01 借款用途,credit_card,前段 2010-2014,103057,9.17
01 借款用途,credit_card,后段 2015-2018,412802,10.43
01 借款用途,debt_consolidation,前段 2010-2014,270856,11.935
01 借款用途,debt_consolidation,后段 2015-2018,1003644,13.441
01 借款用途,educational,前段 2010-2014,114,13.158
01 借款用途,educational,后段 2015-2018,2,0.0
01 借款用途,home_improvement,前段 2010-2014,25977,9.816
01 借款用途,home_improvement,后段 2015-2018,123916,11.053
01 借款用途,house,前段 2010-2014,2163,12.344
01 借款用途,house,后段 2015-2018,11867,14.941
01 借款用途,major_purchase,前段 2010-2014,9469,9.505
01 借款用途,major_purchase,后段 2015-2018,40617,12.492
01 借款用途,medical,前段 2010-2014,4452,13.5
01 借款用途,medical,后段 2015-2018,22885,13.306
01 借款用途,moving,前段 2010-2014,2882,15.51
01 借款用途,moving,后段 2015-2018,12408,15.385
01 借款用途,other,前段 2010-2014,22581,13.259
01 借款用途,other,后段 2015-2018,115748,12.952
01 借款用途,renewable_energy,前段 2010-2014,342,15.497
01 借款用途,renewable_energy,后段 2015-2018,1094,15.265
01 借款用途,small_business,前段 2010-2014,6463,19.449
01 借款用途,small_business,后段 2015-2018,17675,19.083
01 借款用途,vacation,前段 2010-2014,2441,12.085
01 借款用途,vacation,后段 2015-2018,13038,12.241
01 借款用途,wedding,前段 2010-2014,2131,8.681
01 借款用途,wedding,后段 2015-2018,12,8.333
02 信用等级,A,前段 2010-2014,73272,3.849
02 信用等级,A,后段 2015-2018,358156,3.995
02 信用等级,B,前段 2010-2014,134810,7.693
02 信用等级,B,后段 2015-2018,526610,8.691
02 信用等级,C,前段 2010-2014,123245,12.086
02 信用等级,C,后段 2015-2018,524739,14.242
02 信用等级,D,前段 2010-2014,75565,16.381
02 信用等级,D,后段 2015-2018,247524,20.582
02 信用等级,E,前段 2010-2014,35066,20.624
02 信用等级,E,后段 2015-2018,99880,26.41
02 信用等级,F,前段 2010-2014,12964,24.283
02 信用等级,F,后段 2015-2018,28568,34.315
02 信用等级,G,前段 2010-2014,3146,28.449
02 信用等级,G,后段 2015-2018,8846,38.741
03 负债收入比,00 低于15,前段 2010-2014,187528,9.18
03 负债收入比,00 低于15,后段 2015-2018,662290,10.504
03 负债收入比,01 15-25,前段 2010-2014,189133,11.827
03 负债收入比,01 15-25,后段 2015-2018,682492,12.489
03 负债收入比,02 25-35,前段 2010-2014,77797,14.704
03 负债收入比,02 25-35,后段 2015-2018,368453,15.566
03 负债收入比,03 35以上,前段 2010-2014,3610,19.834
03 负债收入比,03 35以上,后段 2015-2018,81088,16.288
