放款年,信用等级,笔数,放款本金_百万,平均利率,二十四期违约率,期望损失率,毛价差pp
2007,A,78,0.4,7.76,2.56,0.645,7.112
2007,B,98,0.8,9.42,12.24,7.103,2.315
2007,C,141,1.2,10.85,18.44,10.224,0.624
2007,D,99,0.8,12.55,24.24,12.94,-0.389
2007,E,100,0.8,14.13,25.0,15.068,-0.943
2007,F,52,0.6,15.58,46.15,31.044,-15.465
2007,G,35,0.4,17.36,40.0,24.656,-7.291
2008,A,318,2.0,8.36,3.46,1.777,6.58
2008,B,594,5.4,10.37,14.48,8.59,1.776
2008,C,580,5.1,11.83,17.24,10.401,1.433
2008,D,419,3.8,13.36,22.67,14.373,-1.009
2008,E,285,2.6,14.81,20.7,12.091,2.718
2008,F,111,1.2,16.29,28.83,19.086,-2.796
2008,G,86,1.0,18.11,25.58,15.202,2.903
2009,A,1203,8.7,8.64,4.99,2.543,6.095
2009,B,1445,15.7,11.79,9.62,5.783,6.008
2009,C,1348,13.2,13.32,11.57,6.877,6.444
2009,D,817,8.7,14.93,13.83,7.99,6.941
2009,E,308,3.7,16.49,18.18,11.661,4.834
2009,F,105,1.3,18.24,22.86,13.39,4.854
2009,G,55,0.7,20.01,21.82,11.81,8.197
2010,A,2830,24.8,7.15,2.9,1.382,5.764
2010,B,3687,40.3,10.74,7.08,3.988,6.75
2010,C,2729,27.4,13.49,10.85,6.437,7.048
2010,D,1885,20.7,15.29,14.22,8.635,6.651
2010,E,962,11.8,16.91,16.01,10.328,6.583
2010,F,311,4.6,18.69,19.61,11.707,6.988
2010,G,133,2.4,20.66,26.32,17.158,3.502
2011,A,5754,51.7,7.11,4.68,2.47,4.637
2011,B,6565,74.7,11.08,7.83,4.305,6.775
2011,C,3942,48.1,13.91,12.25,7.383,6.528
2011,D,2796,37.3,16.4,14.88,9.154,7.247
2011,E,1739,31.1,18.4,16.91,10.984,7.415
2011,F,722,14.6,20.38,21.05,14.334,6.049
2011,G,203,4.3,21.96,24.63,18.396,3.565
2012,A,10901,121.5,7.61,5.33,2.732,4.88
2012,B,18507,219.7,12.15,9.4,4.941,7.209
2012,C,11875,153.4,15.27,13.26,7.282,7.983
2012,D,7323,113.9,18.42,16.69,9.753,8.664
2012,E,3185,70.3,21.06,19.91,12.562,8.497
2012,F,1315,32.9,23.09,21.6,13.638,9.454
2012,G,261,6.9,24.5,26.82,17.511,6.984
2013,A,17679,270.8,7.74,3.18,1.408,6.336
2013,B,44116,595.9,11.81,7.15,3.443,8.368
2013,C,38134,567.1,15.54,11.51,6.129,9.411
2013,D,20569,283.6,18.69,15.99,8.924,9.762
2013,E,9059,161.3,21.72,18.53,11.169,10.555
2013,F,4393,84.4,23.98,22.83,14.592,9.384
2013,G,864,19.6,25.51,23.15,15.079,10.43
2014,A,36108,523.4,7.47,3.67,1.56,5.911
2014,B,61935,844.3,11.19,7.59,3.54,7.648
2014,C,66565,963.5,14.15,12.25,6.34,7.81
2014,D,42992,689.5,17.12,16.71,9.374,7.742
2014,E,20121,345.5,20.36,22.22,13.37,6.988
2014,F,6223,104.3,24.24,26.48,17.003,7.238
2014,G,1685,33.3,25.86,32.05,21.467,4.39
2015,A,73336,1077.4,6.94,3.75,1.602,5.34
2015,B,117606,1676.1,10.04,8.36,3.952,6.093
2015,C,120567,1777.8,13.3,14.21,7.468,5.83
2015,D,62654,999.2,16.72,20.81,11.968,4.754
2015,E,34948,645.6,19.29,25.99,16.072,3.218
2015,F,9817,197.2,23.61,34.11,22.807,0.804
2015,G,2167,44.3,26.84,39.55,27.527,-0.692
2016,A,70847,1013.6,6.89,3.96,1.766,5.127
2016,B,134512,1802.8,10.24,8.98,4.325,5.918
2016,C,132178,1941.5,13.8,14.76,7.874,5.928
2016,D,59178,949.8,18.27,21.84,12.661,5.611
2016,E,25807,463.9,22.43,28.21,17.856,4.571
2016,F,9334,179.3,25.83,36.29,24.624,1.202
2016,G,2551,49.7,28.84,41.2,28.774,0.065
2017,A,78796,1096.9,6.96,3.83,1.721,5.243
2017,B,133127,1839.7,10.56,8.53,4.235,6.326
2017,C,145144,2224.9,14.24,14.2,7.9,6.336
2017,D,56646,891.9,18.76,20.74,12.302,6.454
2017,E,20167,340.7,24.7,26.78,17.145,7.557
2017,F,6242,118.6,29.77,33.72,23.433,6.334
2017,G,3457,72.3,30.87,37.66,26.796,4.071
2018,A,135177,2132.5,7.08,4.24,2.102,4.979
2018,B,141365,2289.6,10.92,8.84,4.89,6.027
2018,C,126850,2052.2,14.71,13.78,8.19,6.517
2018,D,69046,1098.2,19.49,19.17,12.271,7.215
2018,E,18958,290.2,25.17,24.33,16.396,8.778
2018,F,3175,60.4,29.48,30.3,22.214,7.269
2018,G,671,13.2,30.82,32.34,24.075,6.742
