信用等级,期限,笔数,平均利率,平均单笔,官方核销率,含损失率
A,36,409181,7.06,14171.0,5.54,5.59
A,60,23846,7.58,22018.0,9.32,9.79
B,36,534906,10.67,12391.0,11.64,11.63
B,60,128651,10.7,21582.0,14.89,15.03
C,36,419858,14.07,12085.0,18.23,18.19
C,60,230195,14.28,20423.0,22.93,22.9
D,36,184199,18.09,12336.0,24.09,24.01
D,60,140225,18.21,20147.0,31.52,31.48
E,36,50791,22.04,12120.0,29.6,29.51
E,60,84848,21.7,20645.0,37.22,37.26
F,36,8717,25.37,11272.0,35.69,35.6
F,60,33083,25.47,21194.0,43.32,43.34
G,36,2102,28.02,14249.0,43.1,43.01
G,60,10066,28.08,21665.0,46.53,46.48
