放款年,账龄月,可观察笔数,官方违约笔数,损失口径笔数,官方累计违约率,损失口径累计率
2007,6,603,17.0,17.0,2.819,2.819
2007,12,603,58.0,56.0,9.619,9.287
2007,18,603,107.0,104.0,17.745,17.247
2007,24,603,127.0,124.0,21.061,20.564
2007,36,603,155.0,168.0,25.705,27.861
2008,6,2393,89.0,97.0,3.719,4.053
2008,12,2393,216.0,237.0,9.026,9.904
2008,18,2393,317.0,351.0,13.247,14.668
2008,24,2393,405.0,461.0,16.924,19.265
2008,36,2393,490.0,838.0,20.476,35.019
2009,6,5281,148.0,142.0,2.802,2.689
2009,12,5281,307.0,302.0,5.813,5.719
2009,18,5281,431.0,432.0,8.161,8.18
2009,24,5281,560.0,594.0,10.604,11.248
2009,36,5281,698.0,948.0,13.217,17.951
2010,6,12537,229.0,271.0,1.827,2.162
2010,12,12537,598.0,676.0,4.77,5.392
2010,18,12537,880.0,1018.0,7.019,8.12
2010,24,12537,1157.0,1373.0,9.229,10.952
2010,36,12537,1550.0,2068.0,12.363,16.495
2011,6,21721,437.0,462.0,2.012,2.127
2011,12,21721,1062.0,1118.0,4.889,5.147
2011,18,21721,1641.0,1737.0,7.555,7.997
2011,24,21721,2178.0,2312.0,10.027,10.644
2011,36,21721,2883.0,3124.0,13.273,14.382
2012,6,53367,1082.0,1077.0,2.027,2.018
2012,12,53367,2910.0,2908.0,5.453,5.449
2012,18,53367,4598.0,4591.0,8.616,8.603
2012,24,53367,6105.0,6096.0,11.44,11.423
2012,36,53367,8048.0,8023.0,15.08,15.034
2013,6,134814,2224.0,2215.0,1.65,1.643
2013,12,134814,6358.0,6331.0,4.716,4.696
2013,18,134814,10506.0,10450.0,7.793,7.751
2013,24,134814,14277.0,14201.0,10.59,10.534
2013,36,134814,19079.0,18939.0,14.152,14.048
2014,6,235629,4248.0,4273.0,1.803,1.813
2014,12,235629,12262.0,12387.0,5.204,5.257
2014,18,235629,20378.0,20630.0,8.648,8.755
2014,24,235629,28022.0,28259.0,11.892,11.993
2014,36,235629,37890.0,38033.0,16.08,16.141
2015,6,421095,8727.0,8808.0,2.072,2.092
2015,12,421095,25447.0,25554.0,6.043,6.068
2015,18,421095,42269.0,42287.0,10.038,10.042
2015,24,421095,56048.0,55965.0,13.31,13.29
2015,36,421095,73199.0,72861.0,17.383,17.303
2016,6,434407,10825.0,10772.0,2.492,2.48
2016,12,434407,29415.0,29257.0,6.771,6.735
2016,18,434407,46423.0,46170.0,10.687,10.628
2016,24,434407,59031.0,58661.0,13.589,13.504
2016,36,434407,75758.0,75180.0,17.439,17.306
2017,6,443579,10818.0,10762.0,2.439,2.426
2017,12,443579,27757.0,27614.0,6.258,6.225
2017,18,443579,43630.0,43383.0,9.836,9.78
2017,24,443579,55539.0,55203.0,12.521,12.445
2017,36,443579,69574.0,69087.0,15.685,15.575
2018,6,495242,11992.0,11943.0,2.421,2.412
2018,12,495242,30236.0,30111.0,6.105,6.08
2018,18,495242,45053.0,44863.0,9.097,9.059
2018,24,495242,54745.0,54519.0,11.054,11.009
2018,36,495242,66664.0,66358.0,13.461,13.399
